TOOL	MODEL	GC	SNP	CHROM	POSITION	PVALUE	SCORE	THRESHOLD	SIGNIFICANCE
GWASpoly	additive	0.946	c1_8019	10	48863165	1e-06	5.88	4.82	TRUE
GWASpoly	additive	0.946	c2_25471	10	48808404	6e-06	5.24	4.82	TRUE
GWASpoly	additive	0.946	c2_45606	10	48218826	2.4e-05	4.62	4.82	FALSE
GWASpoly	additive	0.946	c2_45611	10	48203431	3.6e-05	4.44	4.82	FALSE
GWASpoly	additive	0.946	c2_9925	1	81410256	0.000141	3.85	4.82	FALSE
GWASpoly	additive	0.946	c2_44034	5	14363563	0.000224	3.65	4.82	FALSE
GWASpoly	additive	0.946	c2_36400	6	1288828	0.000302	3.52	4.82	FALSE
GWASpoly	additive	0.946	c1_8021	10	48862950	0.000347	3.46	4.82	FALSE
GWASpoly	additive	0.946	c2_22188	11	40777610	0.000562	3.25	4.82	FALSE
GWASpoly	additive	0.946	c2_45600	10	48130882	0.001349	2.87	4.82	FALSE
SHEsis	additive	4.044	c1_8019	10	48863165	0	11.317	5.5465	TRUE
SHEsis	additive	4.044	c2_53380	1	70371898	0	11.1512	5.5465	TRUE
SHEsis	additive	4.044	c1_13526	10	48020996	0	10.5436	5.5465	TRUE
SHEsis	additive	4.044	c2_45603	10	48073593	0	10.4895	5.5465	TRUE
SHEsis	additive	4.044	c2_54811	1	46270954	0	9.4237	5.5465	TRUE
SHEsis	additive	4.044	c2_25510	10	48679881	0	9.2757	5.5465	TRUE
SHEsis	additive	4.044	c2_25471	10	48808404	0	9.0386	5.5465	TRUE
SHEsis	additive	4.044	c1_8021	10	48862950	0	8.7905	5.5465	TRUE
SHEsis	additive	4.044	c2_45606	10	48218826	0	8.7696	5.5465	TRUE
SHEsis	additive	4.044	c2_45611	10	48203431	0	8.3401	5.5465	TRUE
GAPIT	additive	1.014	c2_45600	10	48130882	0.00039	3.4086	4.8476	FALSE
GAPIT	additive	1.014	c1_329	10	565197	0.000412	3.3854	4.8476	FALSE
GAPIT	additive	1.014	c1_13524	10	48074905	0.00052	3.2837	4.8476	FALSE
GAPIT	additive	1.014	c1_16001	10	47539878	0.000634	3.1982	4.8476	FALSE
GAPIT	additive	1.014	c2_9925	1	81410256	0.000709	3.1493	4.8476	FALSE
GAPIT	additive	1.014	c2_25510	10	48679881	0.001315	2.881	4.8476	FALSE
GAPIT	additive	1.014	c2_45611	10	48203431	0.001434	2.8434	4.8476	FALSE
GAPIT	additive	1.014	c2_45606	10	48218826	0.001434	2.8434	4.8476	FALSE
GAPIT	additive	1.014	c1_8347	4	9523778	0.001524	2.8171	4.8476	FALSE
GAPIT	additive	1.014	c2_26793	4	9524196	0.001524	2.8171	4.8476	FALSE
TASSEL	additive	0.9	c2_16998	8	54838005	0.000264	3.5779	4.4803	FALSE
TASSEL	additive	0.9	c2_46195	1	64259758	0.000581	3.2357	4.4803	FALSE
TASSEL	additive	0.9	c2_16999	8	54838024	0.000585	3.2326	4.4803	FALSE
TASSEL	additive	0.9	c2_25510	10	48679881	0.001628	2.7884	4.4803	FALSE
TASSEL	additive	0.9	c1_4763	1	66376215	0.002305	2.6374	4.4803	FALSE
TASSEL	additive	0.9	c1_14512	1	43409359	0.0027	2.5686	4.4803	FALSE
TASSEL	additive	0.9	c1_13378	7	46816703	0.003392	2.4695	4.4803	FALSE
TASSEL	additive	0.9	c1_13524	10	48074905	0.004016	2.3962	4.4803	FALSE
TASSEL	additive	0.9	c2_17193	1	70472380	0.004404	2.3562	4.4803	FALSE
TASSEL	additive	0.9	c2_45701	3	43326802	0.004799	2.3188	4.4803	FALSE
